2025-09-04_17-32-12,None,Shell.java:2025-09-04_17-32-12
2025-09-04_17-46-06,None,Shell.java:2025-09-04_17-46-06
2025-09-04_18-23-00,None,Shell.java:2025-09-04_18-23-00
2025-09-04_18-24-37,None,Shell.java:2025-09-04_18-24-37
2025-09-04_18-40-32,None,Shell.java:2025-09-04_18-40-32
2025-09-04_18-43-04,None,Shell.java:2025-09-04_18-43-04
2025-09-04_18-43-54,None,Shell.java:2025-09-04_18-43-54
2025-09-04_18-44-22,None,Shell.java:2025-09-04_18-44-22
2025-09-04_18-44-38,None,Shell.java:2025-09-04_18-44-38
2025-09-04_18-44-46,None,Shell.java:2025-09-04_18-44-46
2025-09-04_18-46-16,None,Shell.java:2025-09-04_18-46-16
2025-09-04_18-47-06,None,Shell.java:2025-09-04_18-47-06
2025-09-04_18-48-52,None,Shell.java:2025-09-04_18-48-52
2025-09-04_18-51-18,None,Shell.java:2025-09-04_18-51-18
2025-09-04_18-54-18,None,Shell.java:2025-09-04_18-54-18
2025-09-04_19-01-41,None,Shell.java:2025-09-04_19-01-41
